ATC,tsne0,tsne1,tsne2
L04AA36,-9.30591589699,-11.1109087353,-12.9123778704
S01EC54,2.25541372226,-0.276703271177,-14.8607936869
H05AA02,7.02148145793,11.7722460994,3.70984305703
N05AC01,13.7249314753,5.15534763291,-3.48371078738
R03AC03,10.6114521701,1.39405936195,13.3731966336
N03AX23,5.28540019988,2.26626315065,2.35893299027
R03BA05,12.692630028,4.35825886998,14.2620220219
C07AG02,4.27679257929,-21.7343062352,-4.46657365748
H01CB02,-5.65348409373,8.21470112841,19.3885913262
N05AH02,10.3020197075,-13.9610970531,7.93658076307
D07AC01,10.2754782226,2.46099862906,10.5446564337
N02AJ06,-1.04400465356,2.73125169393,-10.6392418748
L02AB02,10.5453932206,0.336987429734,0.82674259921
V01AA07,-7.6382154422,3.39957888836,5.22470162896
S01EC03,4.49670827666,1.77932323677,-20.1625197747
N04AA02,10.4984698034,12.1211120435,1.07447469122
J05AX07,13.7505549039,1.61333971015,-17.9537662001
R06AD02,-9.6891560416,9.16692140653,12.0010076335
C01DX,23.2077860314,9.8267869314,4.1322570933
G03AA07,2.09642147383,11.8027486209,-15.774976669
N02CX,4.56927411705,13.1949996905,1.63297364056
C01BB01,8.4586629979,15.9619418625,7.22697693803
R01AA05,-13.7294535742,14.091897299,2.85525260033
N04BC05,-7.31625277511,2.99210173137,-3.43659080757
B01AC05,4.21964530273,10.3332679542,0.77570006729
S01AA11,18.3427278521,-8.34246982399,-4.57129496857
N05BA04,10.6774781016,7.5182167952,0.219243416034
,1.3027553082,11.6279238833,-5.53729324088
L01XE08,4.71920252452,3.73127056287,12.2575987963
M05BA08,-3.56625202625,2.90543224946,0.237495881147
L04AB04,-2.20847380884,-10.8889487307,-5.67108192529
V03AF01,-2.45492313037,-4.40527044867,6.88664374746
C10BX03,8.50474623477,-10.403642467,11.1066777265
C09CA08,2.29395751423,-2.74923357663,14.2756962821
B01AC22,3.94181021692,-13.5004837748,1.78601543037
R01AC02,-9.76186371735,15.5032720645,0.913638763131
L01CA04,-13.5224816172,-7.52009799606,-1.39672138754
C01EB17,3.55903755059,-17.1941263796,0.37294294256
J05AE08,14.2504911061,3.18238013362,-7.92751231883
A10BH04,16.4147373919,11.3416308039,14.4306903396
A10AD04,17.6009486941,11.3591331237,11.0881522405
G03XA02,7.7551286547,4.84769498159,3.79337371312
G03AC03,4.05589024421,15.4296957069,-15.8636328101
C01AA05,8.27550584743,9.93662366804,-8.74193629412
L01XC18,-8.51643541405,4.34698282618,12.3431667443
L04AA31,-9.16229542978,-9.95969572305,-15.5641659627
S01GA01,-6.83229483388,13.9796055727,2.99153394012
N06BA12,-11.9125729206,-0.162979719314,-14.8336484941
C02DB02,9.73868557571,-4.52974750233,9.23754097803
J01EA01,-5.34501958708,1.44518684007,-10.1440994784
G03GA08,9.56561370205,-5.74159332746,-9.2504657299
A01AD11,-8.06626214817,10.4659878413,9.36374551075
G04BE03,-13.0001008726,10.227723442,2.43611292834
G03FA14,5.24183503684,3.80425819199,23.7695109433
L02BX02,-14.2052982232,-12.8125443713,6.97738186566
C02AB01,9.77107430812,-5.94359097376,9.93585960513
A06AC53,10.7646016204,12.4313038062,4.97503728279
L01XA01,-11.3091025062,-6.31521015415,0.848063914761
J01XX05,2.66118507661,11.0356262657,16.5531907428
M04AA03,2.56712985838,-6.93987521515,0.409500011243
N06AG02,14.0946152085,9.96504900257,-2.53772364106
J05AE11,-8.13820354875,10.6547549566,-5.46514949132
S01EE,0.623685846217,5.99198027666,-15.2693435246
R03AC18,13.7841614526,-1.64972776477,15.102192179
R03AK07,15.5546688832,-0.824796452983,17.2969440128
A12AA04,10.1921615035,22.0345722714,-0.276787825727
C07AA03,8.37719561623,10.9608686748,0.418116800473
A11CC04,2.83349591634,11.2926590644,6.57772606025
J05AB09,3.88038357807,3.13448064502,-6.64639730531
N06AA10,16.5724405501,9.22550560227,0.0981709222429
N02AC,8.58179017188,22.7599765458,7.68560986394
C10BA06,2.7157071829,-11.3196174166,9.57457595844
G04CB01,-7.39370060775,20.2068212625,1.65168595779
V07A,-2.91212159674,9.26396376607,5.3939312761
C10AA01,7.64951421114,-12.9831155024,10.9298919504
L01BB04,-0.845984614439,-1.66888542614,6.37677093973
D01AE16,-8.12506845849,18.1378861931,1.92440535022
V06DB,13.2322682749,4.05327301966,20.029734964
L01BC02,-5.54533173505,-1.52421366653,-16.6499355888
H01BB02,3.57769418937,3.93793884866,3.1036124213
P02BA01,-4.53063760165,0.223788364391,-6.21971842493
D02AB,-3.09605454033,12.6304507083,3.10132482944
N07XX09,-7.35364925854,-11.1802384683,-15.0673145295
N06AB04,13.8229538631,13.6860200717,-3.05510008378
S01GA51,-7.68996952724,15.5028633161,0.831892622063
S02AA01,9.61433043791,-2.28376862929,12.205913263
J05AR13,9.43155736309,5.07607153666,-18.5200002617
C02AC05,8.4709237024,-7.27103901415,9.97459616822
N04BC01,-3.91441911185,5.07912387047,-2.46865502168
M02AC,-10.1969939436,17.8638798566,0.325499374681
N02AA03,2.79376484076,20.2346747875,11.122318271
S02AA04,1.08776794531,6.72017710587,-0.873690602738
R01BA02,-8.96598938961,13.6002973097,-1.40161585188
A02BC02,4.5232781973,13.5948743009,11.2206107365
P01BF01,3.70629646743,1.14231402097,0.445033882552
L01BA04,-16.0759119386,-7.6663063804,-0.372488789629
S01AD09,9.20235635194,6.04471204371,4.96401476461
J05AR02,13.3436530253,6.79974095642,-13.8181615068
J05AF09,14.1270344463,3.9392876075,-12.5504366693
L02BX03,-11.2191104717,-12.7549029532,4.27312031227
N05AX16,9.3769983065,-13.3344452588,0.35595830741
N06AA16,13.101825271,11.0572799075,-0.346861833972
L04AB01,-2.31711785252,-14.2832263543,-3.26605354971
A03AA04,-9.38976002321,17.3973710995,3.39838448022
N02AX02,0.502620000911,3.61794560355,14.9403290808
L01XC03,6.98080167488,-9.36188166225,-15.7935808766
H01AB01,1.91943161355,1.78549366475,18.18157052
G04BX,2.63994151435,10.5603251748,8.53682341948
S01EA05,4.01553007043,1.2588253936,-14.8245052285
A02BA01,10.0690823241,7.12267491097,8.86809821697
L04AC13,-5.5218575942,-19.3220381595,-7.1650590452
L01AA09,-5.65915917718,-4.20892867431,8.78114288122
S01AA01,7.6267179956,0.547951495393,13.3456999774
N07BA01,14.4368530161,9.68829290888,-7.47983803215
A10AD01,17.2962430422,10.5541658771,8.76340714366
D11AX,-17.6178076039,7.13386935974,-0.0649478951951
P01AX,7.5223220012,-6.5222359672,-5.57051721083
N02CC02,-16.3778234104,4.34169203921,10.0761492727
N05CD08,2.24504012367,5.9016648161,2.94378140543
N05AE04,8.95694390453,-15.5523519845,3.65665292277
V04CA02,15.2423764611,13.6796280608,9.88373878866
N02AE01,8.31111234258,19.0696477274,5.00931416424
G02AD06,-9.31429226045,-9.31542663618,-5.95166559599
J01GB01,-17.5102598942,-4.0505394011,-8.28344578082
G04BD,-15.3194430159,-1.98081518212,-3.40878137662
L01XX17,0.173270561264,7.14349370843,13.9019481591
N04BD02,-11.3307110095,1.56547529189,-7.26496134902
A03BA01,2.78664239583,-5.01629030705,-11.6371796475
A10BH01,17.4615975346,13.7382246721,11.2914372548
C01CA24,12.7438306623,4.41492443994,10.875172636
C02AC01,11.7398177866,7.31947816391,-5.75195331335
R06AE07,-12.7852417009,15.0804206506,5.20166300767
N06AX03,11.3394794062,10.3112269863,-0.989620284842
J07AM51,13.0541293146,4.65118231741,5.91289084307
C10BA02,6.15038402536,-11.1799937093,12.0779731152
N02AA05,9.14544205964,-7.01691652446,13.3575975882
S01AA12,18.1808219172,-7.0050236977,-2.99343045407
C08DA01,16.5483150282,-2.89021003706,1.16711718639
J01CE01,-6.72290030109,12.3189352118,-12.205337073
S02AA15,-0.561958794085,-10.0016918228,7.85885374403
A15,2.02238847055,10.0187366513,-2.10832737675
M03AX01,-16.6388200683,5.81085778507,6.44185587155
V07AY,-4.39791007166,19.6966664077,4.33197134365
N05AF05,11.9194680575,-16.8577074708,7.32323482485
N06AX21,18.0409608538,10.0528818885,-1.0157887526
B05BA03,-2.88709892835,6.91329962888,7.65023949796
R03AC13,3.29632923332,0.224333858834,-24.911179101
B03XA03,12.3462218469,23.3497285064,0.548652732695
V06DF,10.4910881675,-11.0376095346,16.5592168299
M05BB01,1.53516983756,8.58841363005,-8.44868638599
L01CB01,-5.62832627479,-0.373251830841,2.43578236081
J01CA04,-1.20771630961,12.2709640577,7.22800492678
N06AB08,15.9025653968,9.98883130893,-3.73153233337
A10AB06,-5.3089367542,-13.1865978795,20.470725702
L03AB13,-9.04920092277,-12.086690134,-15.8703743267
H01CB03,-10.6114947855,11.7380668107,18.2114739292
L04AD01,3.71210419046,-2.33229872153,-20.3503046984
J05AG03,10.8009129922,-0.174410128549,-11.5748004552
J05AB06,-1.44676308403,-0.438161862198,8.48631141001
N02CA01,-0.513875154865,7.01578159819,3.37961198726
C09AA03,15.3454755428,-9.7981724114,6.87014608253
L04AX03,-5.07711601831,-14.0675209286,-4.75994399655
M04AC01,5.83415703599,10.70466972,10.8961569236
R03BC03,15.3110293589,1.50982761527,10.7329882159
M01AC01,2.50184274628,-4.27392040952,-7.30199286913
A10BK03,14.441098635,14.2447504231,16.0553741944
L02BB01,-12.1113316338,-10.3294555628,5.38267286966
J01DB03,-9.96638981463,10.7639336577,-12.8586229494
L02BG03,8.0909335644,-4.89209154914,-18.2814289525
L03AA14,-2.84033553431,-4.1660812497,3.80527574607
N05AX12,9.21818486969,-14.1145103662,5.10447704188
N02AA55,6.95699082563,15.7349624377,3.74692040205
S01FA05,16.4615505385,-5.87475417577,-5.49031901622
L03AB03,0.427956988382,1.94988414466,9.66912638627
V03AE05,11.2872125864,19.0131203773,-0.626254934753
R03AL03,-12.0499979505,0.299848701519,13.7773142641
C09DX03,-0.304696904476,-4.59625379537,15.4915827162
A14AB01,0.240285165608,6.08356689875,-4.27585719287
B05AA06,-10.1323102208,11.8689157183,-12.1292402041
N02AX06,9.4575981746,14.7233014133,3.09174787483
G03XB51,7.17339545689,16.1011811686,-16.7375654349
A01AB03,-7.56242540274,15.4919001327,-1.46868456036
L01XE13,1.2879167513,35.7372765022,11.1273966581
S02CA06,11.1973382767,2.27902887487,4.3638287069
L01XX41,4.13166681137,-10.9655407969,-14.5950184982
A07EC02,-7.93359527371,-5.43033526988,-5.50420122957
C03CA01,14.0720315396,-1.62289751379,-1.33708978762
J05AE01,12.1680997963,1.38294578457,-14.2611276851
C10AX09,5.46545582177,-8.75295908966,7.55828594272
N06DA04,-18.6052775749,-1.82239400913,-14.920347321
A06AC51,-7.35452756952,10.9886628122,4.95095531912
R03AL04,-13.818919756,-0.29417434515,13.6306380825
L01XC10,21.5352261917,-3.88954900413,10.2630120662
L04AX06,-7.07753449859,-10.7248032471,7.84172878992
N05AH05,8.59152867283,-13.897345003,2.69947185018
N02BE01,-1.85623781032,1.24814209125,16.2188010122
S01BA01,21.9954429187,-8.37103201738,-1.2725221094
M05BX04,0.0260763227004,18.7049069784,1.84318842728
L01DB07,-1.24709808611,1.71892820601,4.53458837575
A04AA05,-19.5984273931,26.053031064,5.57806327474
L01XE24,3.30213461196,2.31854216355,8.49565933129
S01LA01,5.48107440634,5.89774246867,-2.46589241247
M01AE03,2.41742042273,-3.72970787515,-5.52492366137
J05AG04,15.6832838296,4.14502199671,-10.0645518904
G03FB05,3.58659485072,3.70243399498,23.5676410035
A02BD06,13.8498655358,8.48760566531,6.024051811
L01AA06,-3.4020670888,-5.98373395976,5.7004985198
N03AE01,7.65528941996,2.83599365948,-4.16562964255
C09BA06,13.3625064754,-7.49763872274,11.9216861935
A02BC05,0.304588842832,13.7976518836,10.2207811308
V03AC01,-11.3883077143,-6.58956379112,14.3596754585
A10BD13,11.8820551286,13.4453267584,12.2245555163
C09AA10,17.2345255902,-9.11448581769,6.66940637678
J05AF01,14.0882200323,0.437430196513,-13.5211225221
G03FB08,4.72658452002,3.12140497004,22.0706786435
A16AX07,1.91223625202,3.60845954235,0.680929686919
H02AB08,13.8402940079,6.98726656499,3.04356746074
A16AA06,-3.46048825515,8.54571270076,0.695919481709
S01XA22,8.75659629037,2.68567438894,2.27940920729
M01CC01,1.05869172321,-10.2031958548,-0.804707777577
L04AA29,-2.42249614621,-13.6471984036,-0.168209905874
J04AC01,3.63188788387,-3.26647411011,4.29166489431
L02AE,-13.7648649596,-11.4071771651,8.58189509906
C03BA11,5.98907840457,15.3116086703,-7.6130736771
N06AA04,16.1715083901,7.82272989257,-3.00943973007
C09DB02,1.34526775279,-5.78082090734,15.5135855888
M01AH01,4.51139413638,-4.55090337682,-4.80880886524
C09BB02,1.84495190838,-7.38407457911,13.6699380669
L01XX45,-6.66016792338,-9.32304243253,8.66611539138
L01BC07,0.999096271367,-2.53465816822,8.39818686033
L04AA18,-0.549435149583,-7.62560413031,-19.5711788791
N06AX,8.00868343561,-12.2022484802,5.06941684634
H03BB01,7.73630646517,8.32828511435,-3.05224966986
L01XC06,-6.93763601667,1.15843833807,-18.6809814995
H01CA02,11.8607882857,-7.86408167615,-10.9688376833
D11AX18,-9.49399676665,14.9655661919,6.2328595724
J01XD02,11.1508388743,3.72513004794,0.496754513072
L03AX16,-3.03069667815,-2.11659393488,5.17593676314
M05BA05,3.42624559452,8.18459025926,-1.64299358545
L02AE04,-16.0607962206,-13.8938203716,9.22774516341
L02AB01,2.27042234275,-9.46827825322,-9.84547676213
N03AX22,7.07462485479,-2.17094210215,-6.75417608298
L01XE03,-1.72968393702,6.32058537804,-11.4856814478
C10AC02,-12.0862711225,-4.93390376928,-8.6421468525
R01AC01,-6.96802701217,11.162617486,0.921049632715
N04AC01,11.3953061446,-13.1346143988,5.58616166494
C09AA06,17.1192537464,-10.308642543,7.92962597923
C02KX04,9.24252566592,-15.3987991584,-5.0629786886
A07DA03,6.47483396998,-5.15565009335,13.4487733284
S01EE04,2.11041117864,5.31560732738,-17.3454422503
R01AX03,-6.24559061494,17.9105299516,3.38747529371
J01CF05,12.2554502508,-2.93820413932,4.30019853407
L01XE31,-2.5738517958,0.634404770635,-19.3297461473
N05BE01,-7.68873880789,8.25621400294,4.70277794447
V06DC,7.75372899295,16.6075601851,-3.4183567481
N03AX11,-14.1089400842,4.43265569694,5.6797252702
J01CA01,-8.53799882025,7.82715200372,-14.0176097276
L01XE25,-5.65628060822,4.72807181484,11.8426272231
G03AC06,3.49201264087,13.2591449031,-17.602308386
J01DD01,-9.13495303843,10.6055814154,-14.9678455211
N06AX18,14.9176170441,6.74405963731,-3.85951237305
A07AA09,-3.89702016353,4.97222082503,-6.74099037694
R06AX26,-7.66990189933,16.4674418071,3.51351001329
J05AE,10.2937559326,2.46397963949,-11.7504585625
L01XE07,2.11257447146,-10.6098255652,-14.997859833
N06AB05,14.4808258876,12.1657576017,-1.94148537548
J01XE01,1.14637709216,10.2349789778,17.1780965279
J05AE12,-7.43311896008,12.0882032114,-5.79389826877
G03AA05,3.89593581839,11.7036418038,-16.5016084615
C09BA04,7.61518807861,6.72641041506,14.5678539368
B03AD02,19.3649673467,5.3489878213,11.9579504616
B01AB06,4.34436467315,10.6835561852,4.16624347618
L02BB03,-14.2403712908,-11.0288888739,5.4277007011
V07AB,-10.1884920096,10.5706191584,-17.117406278
A06AX01,21.4456445594,4.82083055958,0.906906612416
J01MA02,10.1423468713,-0.752062443953,3.8512679639
A04AA01,0.840569776221,0.416689334155,2.29540718213
A10BD07,10.6230879343,15.0644589212,10.777963213
A06AB02,21.3348752919,2.43862480401,0.171167199774
N07AB02,10.157793034,9.63381658316,-2.4531345524
J05AR17,10.7186508056,6.83287036403,-12.1239187908
M01CB03,-0.223008748574,-10.9107169404,1.84769706554
L01XC02,1.30327739597,-1.54160372093,5.64479710361
N03AF02,9.91466450769,-0.269043745908,-5.87641335782
L01XC14,3.65370906873,-10.7962372857,-13.109174499
J05AP08,-13.1937970907,11.5922419863,-3.96943259136
S01GX02,-11.8695894009,14.7221496324,2.37455358197
C03DA01,-6.62483965388,-0.0863168757093,8.67915543236
N03AD01,8.14486547401,-3.12217806867,-4.76056949518
A10AE05,-1.34743225441,-21.3847311032,8.53376816279
D01AC02,-7.87198278277,-15.7747574727,1.29266264847
C09AA09,15.123777694,-10.6682489226,9.038491298
M05BB04,3.97730364362,20.5877086989,1.40536796766
J05AR06,7.47663506367,5.60477720178,-18.3253144947
G03GA07,10.5628315972,-7.89171682727,-9.12359277955
A10BB12,12.386592372,19.4765353851,-8.90669647259
G03DA04,10.9779760106,-6.67291583162,-7.45717862456
J05AR14,10.7967387679,5.16490540109,-10.0133171812
J02AC04,-1.68815124647,-1.46429490831,10.613676029
N06AA12,12.6329400735,12.1214543853,0.981119878249
R03AL05,-12.459355696,-1.18258318399,12.3580714138
N06AF04,10.5907438599,-8.14780505963,-2.01876221329
J05AE02,12.5883646295,1.096282819,-19.2811911572
L04AX05,-11.3213638002,6.90609950848,-7.76292527795
B03XA01,12.4692434315,21.9255472652,-1.03955261389
G04CA01,-5.64882513256,8.53339734636,5.20401381579
V03AB15,-15.5675581765,9.99717968178,-3.29600799906
N03AA02,10.594907713,-0.101898074352,-2.90316487089
N06AX16,16.4405726667,10.9917265771,-1.81598041465
R03BA08,16.574911266,1.2474462103,14.2482759186
L04AC05,-7.15423363528,-18.4023675465,-10.4312837888
C10BA05,3.80123592729,-9.95619336351,10.4561188393
C01DX16,18.2687038231,9.08038750223,7.39698486462
J05AX08,12.5989568991,2.08391087149,-8.80735356604
L01XC17,-7.44913918572,2.35497853601,11.4455667016
N02CA04,-15.1182185071,5.87682386151,10.7808949196
G03GA01,11.8530611753,-6.06404917498,-9.75896000773
A07AA11,-2.26470547538,12.4334479775,-5.8204300908
N06DA03,-19.0790870397,2.91373345179,-12.347517646
C03BA04,4.84594682689,13.8484879758,-7.03264336569
R03BA01,13.5322875526,2.49939855349,14.2526110129
A02BX02,15.7107527069,6.80393087197,6.87970184414
B01AC04,-3.456594521,9.15203544572,-11.2074352582
D01BA02,12.8538252398,5.21342615802,3.04396750149
C08DB01,17.9334422029,-1.59505610033,2.14774592173
C02KX01,11.0657983641,-15.6545223274,-6.32596268649
N05AF01,11.8514473313,-16.4051944627,8.90584812314
A10BD02,13.1818903828,19.0158086399,-7.18541165338
N05BA01,-0.878686464096,-0.3561803245,13.6008586056
L01XE36,7.93371956027,9.17658210348,24.8632977342
L03AB60,4.71409529093,-14.9177683289,-7.83154761756
J05AF08,-4.66815393652,-3.51642613434,12.6331102167
L01XE18,5.15294728942,-1.09492507337,10.4665406839
L01XC11,-8.11581428176,5.04348528499,10.7746728423
R03AC02,-14.0506788117,-5.03442511017,4.07786683099
D05AX02,-6.3122594088,-16.139562142,-11.0184271691
N05BA08,-5.34086378127,15.5896321457,2.30634775067
H03BA02,7.91684224517,9.18736533104,-4.82235790541
S01BA02,20.0217871244,-7.78639730943,-1.9249189973
C09DA07,6.99328748715,5.56837680051,16.2863983612
M01AC06,0.492761775011,-5.12369037994,-4.71977199784
G04CB02,6.12103343134,-5.77660430286,4.90079798329
J01XC01,-6.77123525473,6.04296427248,-7.84018941852
D02AC,-8.70409284556,11.62982261,2.75547455911
L01BB02,-3.07636334667,-5.79947954082,-8.75186861218
A02BX,-0.0748781764216,15.4152885465,1.64060179324
H02AB02,-0.847543570181,0.537419864608,0.480851756086
R05CB16,-22.8394244468,-3.44210811883,-4.65094902003
J01CR03,2.33768555955,6.08303197321,-11.9710925191
L03AB11,-14.6782560011,9.08571165727,-7.50184767995
L04AD02,-0.617409968967,-8.96216753761,-21.9295616251
M01CA,-2.85991584201,-17.1775481181,-1.14797297779
C09DA04,9.0922518578,5.96124837495,14.212975388
J05AB14,-2.15363094254,-7.72598983545,-18.675018799
N06AA02,12.6749164724,9.94769920633,-4.22665089729
C07AB07,2.78690750368,-21.5370636092,-4.13989629875
D07AC13,9.81127735762,2.38901724134,17.7117576025
D04AB01,-8.52385765889,9.24864917569,10.2367456522
H02AA02,-12.5994103901,-1.47529973763,1.74163716567
J05AR03,13.9130881338,6.85954054978,-12.0518249721
L01XE29,4.0870354852,7.86436398235,8.61649100084
A10BB07,13.9194551292,19.6166426495,-9.44846298458
L01BA01,-0.213711772845,-15.61971575,-4.45471459097
J05AE07,12.6916418612,1.76000403951,-12.1483095272
A10BH05,18.171000168,15.0444652545,13.1026991197
N04AA01,13.5091804718,1.25370415666,-4.87361356315
N06AX11,11.161306635,12.7249226098,-2.66419042293
A02BA02,10.1396012897,9.91092534891,5.25978720297
L01XE06,3.22286637673,3.96916470955,11.3969839403
D01AE15,-8.86583554335,-15.3946469702,0.126848188115
L01XE17,-5.88960502587,7.55192658138,15.1548366382
J05AR,9.34002029852,4.57280753705,-11.6099117621
A07AA01,5.04904487462,7.98943636336,2.80722302065
H01AA02,2.15447690303,8.54536807645,3.45808818352
L01XE10,4.36428620572,-8.52161314931,-13.8778445439
N04BC07,-11.8206407971,1.27580069655,-3.45628635436
S01AE03,19.8287480523,-6.83094477326,-5.4695602957
L02BA01,7.2391049058,-4.14988859486,-17.2217949358
C10AA05,5.94136257084,-13.5293679217,11.5608408426
N04BA02,1.95749878378,15.3802247223,6.24081662746
L04AC01,4.24274232767,4.17830884909,0.490734723954
L01AA03,-7.43965583056,-14.2525544972,7.97349540865
L01XE28,-15.0127428893,-12.6335866141,-14.5548136467
A08AB01,-9.27424801239,8.01221241678,2.88649846455
V06D,-4.33458971351,8.88404637362,-1.62292396863
P01BC01,-2.63542958478,11.7579365611,-0.376551030729
J05AP54,-15.9459919438,11.3833358341,-4.30406841565
S01LA04,3.71163659037,21.4834318203,6.8220033942
C02KX05,0.377451797141,6.16529576249,6.8785862445
P02CA03,-3.0745938549,1.15835632283,-6.72432436793
M01AB01,2.71777432328,-6.62914046643,-2.97735721715
A07EC01,1.0435520818,-13.6939552716,-3.984807358
N07BA,12.2886414846,10.6148397238,-7.94815368827
R03BB01,13.6202718798,-1.19835064126,11.4998286092
G03BA03,6.3325185998,-3.65927882041,1.79447130463
N05BA12,13.4791732511,7.07614384654,-0.781743680477
C09AA04,15.8447317803,-10.8373466998,4.09569580347
G03GB02,7.61025233435,12.0753700365,-14.4588974257
J01DC04,6.75593605757,-6.67412614339,-0.908009256621
R03BB06,-12.3802004389,20.0262446881,13.1959135986
L04AA25,-2.1051197727,4.93449191831,5.18095542627
R03BA02,14.7913543412,2.18453437323,15.5723373386
L01CA01,-6.44185094798,-3.92074610365,3.51371729581
N04BD01,-10.812993834,1.18376237503,-5.46977760129
N03AG04,7.70719862617,-0.752492833363,-4.55680996823
N02AA,6.39152270903,18.1981793797,-3.0006946783
D11AF,4.52306577759,19.0138487648,-3.43083441408
J05AR09,10.1329477065,5.29664415165,-16.5572679303
R03AL08,-10.8115052573,0.470144846976,9.43721793622
J02AC02,3.16149754608,-1.90403233673,1.59601916974
G03CA04,10.0020303414,11.1608389155,8.22814218624
C02DC01,10.1020067214,-7.69457310606,7.44955211053
M04AB01,4.22066307121,-6.61140674194,1.58892198606
N01BB02,5.38621133419,4.5250733285,4.46561706708
D06BA01,14.1283445395,1.48137060698,3.75625570309
A07BC,4.03885189007,8.35134234152,4.89110998998
B03AA07,12.9893902688,7.66821357615,12.5056627586
L03AX13,-7.44663289572,-10.6106109278,-17.1033171545
S01ED01,-0.941228364796,2.53430792727,-15.5218758623
J02AB02,16.0178553756,4.67594822121,2.83587112935
P03AC04,-1.70940630631,-6.48494778753,0.474226572247
B02BA01,3.57640905137,5.71026078311,4.31940672742
N03AX14,8.26757918743,1.47366502002,-2.47293304363
L01XX32,-5.27729534604,-10.8852989887,6.88458342374
V03AE03,13.2086229517,19.5788070821,-0.842053436359
J05AF06,15.7478609025,1.90872357693,-12.159545612
L01AC01,10.0328856384,-8.7143207614,27.9050809134
B01AE06,21.7354213301,-17.006479014,3.81254998459
N06AB10,15.9105152083,13.2137431302,-3.01881240501
C07AA02,7.45358466259,12.4683143426,-0.978934106322
V03AF03,-7.15564856651,4.94944495914,-20.3746733279
N02CC06,-16.8737979654,6.05664430451,9.03015620636
D07AB09,10.5632006155,1.8319189399,8.41940892538
L03AB04,2.24642102169,1.00456649527,12.3446141432
D07CB01,-7.98607456836,19.3522432638,3.53102045819
B05AA07,-11.2659591486,12.7899738714,-11.6273892521
L04AX02,-5.42329136433,-12.8572036524,7.37296375994
D02AX,-12.3294935412,17.7740551429,1.37880340497
C09CA06,9.67182629584,-5.72659077764,3.26751773981
L04AX,-2.11279200347,-15.7153387152,-0.292984299001
V06DX,-5.45968888251,9.01474278755,-3.0181817923
G03DC02,7.16295778835,14.2614734883,-11.7609258752
N06BA02,13.6815912641,6.42978936513,-5.58403338942
N03AX03,9.13158951002,-1.68007020079,-3.6206968182
J05AF02,14.5861115717,2.24010534059,-14.5023999877
L02BG06,6.50662708254,-6.96282837231,-16.1235402239
A02AA05,3.3163205772,6.64456128739,0.754803815995
M05BB05,4.18532904003,19.6726445179,2.97980617109
S01EB01,3.33557647422,0.905099967924,-16.7937379094
H01AC01,-10.1268754023,-4.10157737511,8.49116073753
M05BA03,-6.21898306782,-15.7581748891,7.65665224879
A06AB56,-4.22926521635,17.0952307549,6.33290416475
J01MA06,2.47766881949,9.74851925737,18.1121488796
A10AB02,-4.61790610837,5.9917415002,2.59189077885
A06AG02,-10.5323490318,-6.03908377306,-14.0508129433
J05AF10,8.28159536309,-2.2305474004,5.88801261889
C07AG01,7.28007002932,13.3742958285,-2.06036233451
G03XA01,-2.57484011808,-3.19884134458,-11.5329675487
N06BA13,-1.23694125579,2.49066842805,-3.38056870114
H02AB10,-9.79399864718,5.63040887573,8.33330299641
B06AC02,-1.05324854561,-1.62844519252,-8.90272124166
M05BA04,2.76219235532,18.4736454928,4.55870351575
A06AH01,0.833112859959,-8.80977532097,-7.93968157834
L04AA06,-0.437234615092,-9.55116331154,-18.8995565899
L02AE03,-15.5872363559,-9.77148252944,12.9877167864
C03EA01,6.79161812802,14.0232270784,-6.53035621143
A10BB01,13.2348924941,17.7403932063,-9.68582140815
G02CB01,-24.3235435249,1.52822944598,21.9812478843
L01XE04,-4.9692746345,7.42036085499,22.1519790393
P01BB51,7.15459808003,3.6538947611,-0.0480411932596
J01DE01,-5.38945370689,2.30373906147,2.54099312912
A11DA01,-2.02383291206,14.1765198212,-2.46041078748
G04BE01,-11.349702097,10.8521662927,3.54044134258
B01AC30,-2.98603430523,10.1617368889,-10.2989542014
C09AA05,16.5993755581,-11.1022753431,5.6820782566
V03AC02,-12.6132999618,-6.32295430662,13.6872413389
A04AA04,5.38321274793,4.06921306688,7.47393366932
N03AA03,10.8283710638,1.28193369521,-2.32433325518
L01DB06,-3.06670156416,-2.11527525645,7.62954516547
N02CC03,-16.9507609716,4.54788198704,8.72207934807
H02AB09,-9.57467585492,5.70621634529,6.97673489836
B05CB01,-4.93466410277,15.9577735252,-0.608821668368
R01AX06,-5.1570706444,-8.21562042005,1.30312486055
S01EE03,3.07803984981,5.67942152669,-16.2420279352
L01AB01,3.85024664418,0.804056191958,12.1368101475
M03CA01,-9.05209553576,-6.57691167965,-13.8935420127
J04BA,-7.88524175458,6.85537231563,-9.24655043883
L02BB02,-12.6456223587,-11.9332089068,5.97033431458
V04B,0.388043387948,9.94590294673,0.87926693863
A12BA01,16.0849589653,9.74839830532,4.32829035379
C09CA03,-1.88032693663,-8.80249353607,14.3175757099
C01DA08,25.3634970017,13.5325068483,2.29397191105
C10AX13,1.84544918532,-11.6027391306,12.0772838517
R05CB13,-18.6134696904,-4.68883419119,-7.03086617325
G01AA01,-5.2703295249,17.9831985615,0.895066725156
L01AD01,0.0213431949355,8.80121065355,10.8687575573
A04AA02,-9.34422652149,-1.31743872163,-2.73945237162
B01AX05,2.04266718265,7.70860366607,6.15812453012
C09BA09,13.5634544413,-9.22988591704,11.3016016866
C09BB10,12.353022457,-5.04602856826,7.28485009137
N06AA09,14.3725926354,10.8436702015,1.5888026172
S01XA20,13.5319332463,1.49871586441,0.273784113446
J05AR04,12.693112988,3.30101840855,-15.3002029274
A10AD,16.8737941226,11.7427492583,7.84609138621
N05CF01,-12.5756712808,8.84270810141,4.34888613472
C10AC01,-11.0039262562,-4.20636579648,-8.07163645947
C09CA02,15.0072503784,-5.84167525329,8.86738768113
R03DC03,-2.12477811351,-12.5783438726,9.90964918081
A10AB01,-6.33025926856,-13.2538600401,15.8694714562
N04BC06,-8.58114811737,3.91432838141,-2.30490052353
A07CA,1.29175715508,13.4767017263,2.88707613257
L01XC08,-7.7891316739,0.21498556881,-19.5909691265
L01DC01,-6.31455143219,-5.63609591676,3.97988173917
C08CA05,17.6341807096,-3.34864705874,3.51524607398
S03AA,-0.2566420831,-0.987633508791,-4.90220591989
A10BX11,14.6342873317,10.8971274393,14.3325376635
J05AD01,6.11254554576,2.58904857851,5.61485011346
C01DA02,20.7782752096,7.3400122329,9.75828090918
C02KX02,10.6055640346,-16.4126901774,-4.88626392392
L01XX43,5.48562766376,-1.55481814616,17.2293378644
J05AP51,-15.230229774,12.701300847,-5.94572793488
J05AR10,12.7852270617,-0.395269275508,-10.3632479394
N07BB04,7.31168878774,-10.4974031606,1.94456422113
A04AD12,-7.32962550075,-0.947536226864,0.144099121831
J05AE03,14.7648173868,1.09070059875,-9.60113925406
L03AB61,3.76159305447,-14.4257672935,-8.55555763891
M04AA01,3.59769039873,5.80664581036,14.9702066378
L04AA34,-9.15890065103,-10.0558468363,-11.6533117434
N03AX09,9.43262950535,1.60639332948,-5.38638500304
D07AC14,9.85829443994,0.195606698715,7.42084262811
R03CC03,0.722235441683,10.5992954152,4.16893501282
B02BX05,7.34642935531,-4.95925708133,17.3994658638
L01XX48,-0.841482151441,4.11758830944,-33.2505204891
S01EC,-0.278907988767,0.398897904844,-14.1202211051
B03XA02,11.8072149383,23.5072052279,-0.900362549188
A07EC03,-9.0768871534,-5.08402067753,-7.16662769119
G03FA01,5.15831802911,2.84965435801,20.6801726651
M01AE01,4.06380453178,-7.86028528338,-5.8487142942
J05AF04,13.4010104178,0.913935547939,-16.0489031435
S01BC04,19.6444002643,-5.49905573981,-7.1283985279
L01XE26,4.60979712179,6.42890129858,6.83814541142
M01AB55,-7.93191898073,9.46504577628,1.88672406745
G02BA03,5.4946133254,14.1819896482,-13.8127383047
D01AE18,-7.00719200646,13.7218646583,-0.33810243796
A10BD19,10.1092123122,10.8514487886,14.0072289725
L03AB08,-6.6873570235,-8.65005095993,-17.4527438613
C01BA03,3.13181901706,9.78429072869,-10.1701144163
L01AX03,-3.40370711964,8.70418745238,11.2612782597
S01GX01,12.6554931649,12.0184363007,5.87203628129
B01AB04,-3.60402219079,10.2498457625,-17.9701018378
L04AB06,-3.01972371186,-12.3775563074,-3.41262041951
L01XC,2.80813301342,8.61826173026,11.5949236984
L01AD05,-0.797855162879,7.29690835805,12.1885497192
C09DX01,-1.39468765837,-6.69555554088,14.913602055
M01AB05,3.64499108253,-6.11696837061,-6.59908731824
A02BC04,2.55124990515,12.9420686711,10.2764549621
G04BE08,-12.4885829159,8.85583112935,1.73417588392
L01CA02,-6.17410591994,-2.24979785569,5.18154766198
L02AE02,-13.2907720128,-15.1322680833,8.84621862343
G03AC01,4.48390668326,16.0379175302,-14.5434984651
V03AX,10.8114374285,3.55958465046,-13.5069329423
B01AA03,-0.435609894428,19.6173978579,-9.04233654028
N02AA01,15.0329056993,21.1900692543,5.96773435091
B01AC07,4.8916652703,8.22626114502,-9.5538801906
A10AB05,-7.38098497013,-10.9773065088,17.1643286278
A07EA01,-4.43387391186,-5.96481825115,-6.84622866472
A06AD11,11.0967161699,18.2025375191,6.29013576636
L03AB05,2.24484267145,5.03026074545,8.78808127916
H04AA01,-2.08351934465,-19.919174978,9.78666959179
L01XE15,-5.4638233585,-0.109717543513,12.5762103356
M03BX01,7.96838898924,6.08711223403,-6.58799864836
L03AX03,4.28000072597,-6.46996242271,5.31364385338
D11AC03,-13.1329464594,11.9892358109,5.85475623465
L04AA33,-5.2050517756,-8.25849733662,-7.4605992041
C09DA02,14.1420777304,-5.44545334407,10.9577892995
L01XA03,-9.65718391664,2.53508107551,-19.9723234617
G03AB04,6.80401229237,7.34264898341,0.273706732403
R03DA04,12.6487815507,0.135582481164,13.7521330206
L01XE01,5.56415006965,2.31826871759,10.4240155295
N06DA02,-19.4031835026,4.33229420608,-10.7658369076
L04AC07,-3.60297474648,-14.2279412575,-1.92876395152
N07AA02,-4.05349024119,-2.7952715418,-3.7637312526
G03GA06,12.0125542404,-9.55071849002,-9.348842451
N07BA03,15.6242513625,10.3212155628,-7.98303741359
A06AB06,-6.20367483079,15.7149792952,7.38318273222
D02AE01,-7.30209943979,17.7252247973,5.0089674659
G04BE09,-10.6485639763,10.1957493188,0.15164420003
N02BA01,7.44110788415,5.16011477961,6.18633118876
D01BA01,14.2697065008,3.92755082176,3.26929707777
J01XD01,12.9923697647,5.59513600316,8.19579515922
N03AX15,8.15077494294,-0.557373608508,-6.70010485383
A12CC05,-2.31869257601,14.3978320202,-0.846998064749
J01CF01,12.1437353038,-0.226672564007,4.28291110055
A06AA02,-7.29621513474,16.547491379,8.31902952715
S01ED02,-0.399185567811,2.16251603738,-16.7225988278
C01BD,-14.4699274591,3.60327072249,0.194417283333
C09DB04,1.33205161583,-5.80508722603,13.0542115024
M01AG01,7.3113522717,15.2871904873,-13.6196663976
J01FA01,6.132385952,-8.21391870862,-1.58171410946
J04AB04,11.7277501609,2.07741631973,-17.5481252018
H02AB01,11.9623705446,10.4976772973,3.12449390795
G04CA02,-10.1296543825,16.8993611095,7.54298182025
L03AA13,-4.19541475963,-3.55222512347,1.6901431878
N06BA04,-10.6295676305,0.681925607731,-12.7799777737
C07AA05,-4.57199996305,-1.866546817,16.1671903077
J05AR18,8.30345241699,6.06868099337,-16.4520215341
N06DX01,-18.7033377095,-0.16503365463,-14.0969799212
J05AX09,13.7854891978,3.28588940596,-10.5572332846
L01XC13,4.50205685212,-12.6116757214,-12.6834943526
L04AA10,-1.22491278776,-7.13012097831,-21.3328666673
S01EE05,3.01949818788,3.74287923455,-17.6364833776
A10BH51,10.8959045353,6.79415438722,3.62540961532
L02BG04,8.31189426419,-5.91898974342,-17.0489779478
B01AD10,19.5078056638,-7.9570289544,26.6197316824
M05BB03,2.33451753433,19.8032570995,2.60616947325
L01XX05,7.2040866353,1.45997710606,9.9700795951
J01CE10,-1.22108742649,-11.6343741017,9.10168927922
A11EA,-8.23007272963,14.3716694401,9.56698644741
L01XE23,-6.58507941185,4.34088506612,9.26538148316
D02AF,-17.7220189021,5.60549479438,-1.1875562554
A10BD15,13.1115599801,14.3734758032,13.8205020161
N06AB06,14.5808037189,12.1383853243,-4.00793156561
B01AF01,-2.32468969296,19.3708733434,-10.5130493284
L01BA05,17.4860431381,2.77968744187,4.85253825219
D06AX09,-13.9679284057,16.7974269216,6.086353559
N07XX02,3.74661855753,3.4745095484,-3.09499344598
N06AF03,11.0963772878,-8.90920612858,-0.912514055275
J05AF05,11.9803038192,-1.90769532119,-16.3065360343
B01AE07,-2.18859232958,18.9657671208,-8.63287511519
A10BG02,15.2990955176,15.8290763465,7.79401851303
C03DB01,1.45247449558,9.83556637907,-9.59253536502
D11AH02,4.17185375272,-2.22875002477,-1.58160851362
R05DA08,-12.219274758,14.058574633,8.30686431308
L01BC05,-14.3141587575,-6.26564281698,-1.17400518102
R03BC01,13.6659318179,2.8034811737,11.6926711142
M05BA07,1.99030932369,17.6030043126,3.18683924243
L01XE11,-6.15705568776,6.77080368679,11.0774404809
A03FA03,16.8454466076,5.01621267814,7.36068016388
L01XE05,-12.8469737599,5.12603819137,16.7484985942
A02BC01,4.2262711275,14.5860873581,9.49681415985
S01EA03,5.55943741015,-0.107628402654,-12.6889233969
G04CA52,6.96333828729,-4.99004699754,6.67815035358
A02BA03,9.71661745173,10.7484093912,3.55163197082
J02AC01,2.4879288542,1.59966301724,4.75455161649
N02AB03,9.30607530602,18.1616372529,5.64711031477
M01AE11,2.78159454317,8.28401387229,-6.44369499616
R03DX05,-9.15075204997,1.91158495322,6.1936729189
N06BA09,-12.0435222227,0.388781834247,-13.4568682042
A06AD15,13.9359238071,14.7899617481,3.35672633937
L02BA02,5.86070666535,-6.01501583765,-18.2051583941
C01BD01,7.39732388719,10.9582400113,-9.00298143619
G03CA03,9.10920286974,11.9816654194,9.8025749556
A07DA01,5.88509293887,-5.16144680797,11.9002293525
R03AK11,16.2609378635,-1.29892214946,15.0622683081
J05AF07,12.6129087422,-1.24338581057,-18.1032093846
C09DA03,-2.57261092804,-8.35308340912,12.9170741876
B05BB02,-9.34470635239,12.637566571,-15.1912745764
D02BA,-12.5627415316,16.436598714,-0.16294495007
B03BB01,2.5778113317,-11.7807674247,-3.21606950442
L01XC19,1.37609545663,2.69440960962,7.36269395926
J07AL01,8.18835806909,0.827274415984,4.56195446656
N05AH03,16.6189890566,3.37805947173,-3.13426217058
R03BB07,-10.1011866799,-1.05600964593,14.2659353577
N05CD07,8.26938714989,8.42385797601,2.76712753065
V03AE02,12.5802394323,20.066208475,0.756857613064
N04BX02,-12.9328811732,1.66491589622,-5.45924364139
H03AA01,-3.34527817211,-6.68539616683,10.0822814312
P02CF01,-1.87296079157,-6.86982658206,-1.44890658775
N06AX23,18.1031918506,11.7712547979,-2.13749705304
V03AG,5.59544870958,-0.476140139422,4.23663206123
N06AB03,16.5980697701,11.8103868261,-4.68910033969
B01AC17,16.8167939715,-15.4240040738,-2.20280760266
J01DC02,15.1779254796,0.0609643564077,9.53768894659
S01EC04,1.54295823856,-1.47213616501,-16.5501876816
A07AA02,14.694671043,2.48296862107,6.92098205171
J01DB04,-13.7942422574,6.23236398826,-14.3544412504
A10BD11,11.1903655147,15.4926008785,13.1539945155
L01BB03,-3.32026232131,1.78341908926,8.33807385711
C03DA04,3.3182957055,-16.5169433589,2.06964660285
N04BA03,-12.4485187128,3.33691384489,-6.51960020324
J01FA10,3.12425376479,-0.197997282177,-7.26856823739
L01CD02,-10.5411356091,-4.79268842426,-1.86291525171
N02AC04,-6.52345885244,13.1339211309,5.71578807725
H01CC02,10.0205236703,-9.10185463938,-10.9513711866
S01LA05,3.05086906223,22.5105902244,7.47322264209
H02AB06,9.4844430237,-2.97566950887,1.27325196681
C07AB03,-20.8317428021,1.96987138579,3.43086783182
A10BK01,13.9130352462,12.7697868926,16.4138320576
L01XA02,-12.5024499523,-7.21960498846,1.1464779628
L04AA27,-7.25576028408,-8.97196945254,-15.2494621006
J05AG01,10.7981438872,0.451710810462,-9.71978872658
C05AX04,-8.01675023379,14.0039017956,7.43453587754
J01CE08,-1.43059435168,2.1250406792,-7.32352711074
B01AB05,-2.93566323065,9.26244686931,-19.056361784
C02CA01,7.33644525324,-5.3438740231,8.39428056982
J01FF01,13.9635130305,-0.441961565301,2.75010502089
J01AA02,-3.94863265968,4.08379674034,15.6209635569
C09AA01,16.8868970809,-6.8980307592,8.01070743489
L01BC01,-4.70569995082,-0.346249788577,5.89459309108
S01AD03,18.0319285061,-8.78304982919,-1.32045325414
B03AA02,18.5101036477,4.93360592788,12.5652367651
J01FA06,-0.642899889687,11.0259340661,12.9404523628
N03AB02,9.24374435225,3.49631684988,-3.03173554312
C08CA01,19.5869436901,-3.07384188213,2.88672233266
L01XX19,-8.73589121678,2.57031886936,-18.442041845
N05AB06,14.5263529376,4.43027528851,-0.724994349034
J05AP55,-15.6043814372,12.9508144321,-4.20990432372
D08AG02,-9.865209237,13.8985843935,8.46220282008
C05AA01,-15.0082288209,14.7180143184,4.54873938489
C10AA04,5.36654014717,-12.5066403664,8.40042386727
A10BD03,13.8009913107,16.0942777173,8.35676082485
N02CC04,-18.8648604097,4.87384041712,9.13774978791
C01BC04,-3.57051093177,17.2059081367,-7.54479697879
L01XX47,30.7688090301,-33.4356135537,8.28663181457
N05CD03,-5.24944850288,14.5208579987,4.17813471494
S01EC01,4.00260498161,-0.0155397558181,-11.6932026433
L04AA24,-4.23567675935,-12.1638174783,-1.57836691001
J05AF11,10.1951923437,4.42997396999,6.25674939568
D10BA01,-9.77179725786,0.154465591599,2.9435671627
C10AA07,5.82294814601,-10.541819843,10.7400908315
M05BA02,-6.68494159561,-17.101148743,7.71268124432
H05BX01,14.5224866275,20.6609763318,0.20914088522
J01FA09,13.2999469862,-1.70630842614,8.2091891055
A02AA10,10.8169917653,6.63593866963,6.26829113837
N05AL05,9.58181273372,-15.5937935129,6.40627781113
D01AA01,-0.844480581504,6.16126129784,0.265379630252
C10AB05,6.43586272858,-10.1465660242,19.4308995776
A10BF01,15.3655698723,16.2885047895,11.8580579036
N05AX08,16.3907474552,1.28422679673,-3.06739096379
D01AE14,-9.26787971367,12.7818411929,0.876779748812
G03HA01,5.34006243605,2.15516204267,15.2974097136
A10AC02,6.16642148007,11.8606610101,6.95332992056
J05AP07,-10.6873825091,12.8421928102,-5.6247092741
J01DD04,-5.50136099266,13.7745612695,-12.2223649317
N07BB03,7.77522020102,-8.85902644949,2.44483332986
R03BB04,-11.6884638178,0.6492945101,19.0835876203
R05X,5.27287762752,10.3941276314,-2.42313723128
N02CX01,-14.8904134605,5.60391939959,7.58251742942
R03CC02,9.51454702876,-2.76320387015,14.2096262778
A04AA55,-8.63668472255,-1.81986725085,-0.978812136852
S02AA30,0.233776328024,8.52652988524,-2.19009004965
A01AB11,15.7893633722,-0.0499702316683,6.22886967283
V03AC03,4.16811947239,-2.79471492455,9.37278482064
L04AB02,-5.79991778375,-7.2134947268,-5.27366067135
L04AA13,-0.758589489625,-14.3177798613,-1.89667235262
L03AA10,-1.19437673693,-2.96674761514,3.9796840281
A03BB01,3.9530946885,-5.39251890249,-10.8502357719
R05CA10,-9.50591395931,20.1562886561,0.252015175382
G03GA05,12.8540773815,-8.12724934475,-8.34640758378
B03BA03,8.73428049973,8.30004140045,6.36754900605
A10BJ05,8.29974980502,11.7694835671,13.8135024939
A06AG20,24.5461482215,8.56863506472,8.15496013461
R01AD05,-13.5358192265,16.3370097529,3.55511246861
A07EA06,-4.95837307995,-7.65215828527,-9.25157537132
D02AA,-8.79137121578,12.3685094399,5.20128753032
L01XE02,0.362380338499,20.142355187,-17.0936955177
C09DA06,6.47588510302,8.17315268112,14.1983553915
H02AB04,12.3509341813,8.91146704142,2.56380946506
B02BX04,1.27497886197,-4.60287157428,2.59962246517
N05AE05,10.3195694462,-14.4057559155,2.39708939965
J05AB12,10.3474044611,4.48432202158,4.12158796014
J05AE10,13.8341574356,4.95490854632,-9.10650186381
M01AB02,1.87807184624,7.84506379152,-4.14525495427
S01EA,0.905176350242,2.08987658561,-14.2431308124
J05AR01,14.5133038088,5.49854807352,-14.1810329555
L04AC03,-0.452252227192,3.8094327341,2.41515932786
A07EC04,-6.86422377424,-6.65697043877,-6.97668908443
S02CA04,9.1368920138,4.19812659938,8.32778149722
J05AE09,13.5738970924,3.23425299778,-17.490688903
M01AE02,2.90904709931,-5.88959408106,-5.04770425692
L01XX38,3.20843991198,4.09785293716,6.65881948152
L03AB07,-8.45137545539,-8.95998898604,-17.4410143475
D07AA02,11.7819885821,1.90891261815,7.37862041782
L03AA02,-3.49613128537,0.690283064439,3.53910674542
L01BC06,-5.0336325672,-2.34304663652,-15.6957536758
D04AX,-9.35341985332,11.8313366396,7.22324769817
L01XX27,-1.33881159525,2.67389213488,8.05483322641
L01XE16,-2.85868324655,7.93930640899,15.1594522474
A01AB04,15.1582086611,0.98085101583,8.13383110913
L01XE27,3.47871217221,-0.154460210602,9.32236453048
B01AD11,18.2657936086,-13.8210443669,-3.06206885272
G03AC08,4.59641797417,13.1643887865,-15.1426539306
A02AC10,2.73761378388,8.68327916143,0.654389872288
H01CC01,9.81784285662,-7.02473915758,-11.1474902952
C10AA03,6.33676804609,-13.0292449351,9.82302500498
D07AD01,-5.26326437592,-17.6615377999,-11.0730849979
L04AB05,-2.23297414926,-12.104846007,-1.79628733974
S01BB02,22.9801166462,-9.31010325937,-0.580340484353
C04AX02,-8.36585228079,-5.24225549719,-11.8186233176
D11AC30,-11.6501676301,11.6252962253,7.19956059339
L01XE38,-6.86024303692,-0.788922968125,12.5935391087
D05AX52,2.64901339539,0.140256054155,-2.93282838967
G01AF02,-6.63359091735,11.5063139922,7.69860384587
A10BA02,9.19661599887,5.59588377931,1.63151868789
C09CA07,4.8415238572,-2.22583630942,13.914070344
A02BC03,2.58572454119,14.5382949037,10.4383772646
A01AD02,14.935675487,-1.84881895604,5.77268335369
C10AB04,6.06278248102,-11.4870130577,19.0179856351
N06BA07,0.329547299589,2.63014063569,-2.38557822401
A07BC02,-1.83676417463,7.69538813584,-4.31958527518
M05BX,1.27092889465,15.9538518436,0.746372656124
N02BG09,1.47244414054,4.41903165776,4.42312402625
A04AA03,-4.8952823287,3.17267417878,5.12160487204
A02BA04,11.7484374248,9.36592735695,6.29567844733
N03AG01,11.4017503323,5.82032500669,-2.90380563908
J05AR08,8.30176893804,4.22069858923,-17.2226867538
D06BX02,-11.293202439,13.6622819586,4.54071708896
D01AC08,-8.25515330482,-13.8576001085,0.321303267918
N07XX06,13.5418710256,3.23209113238,-3.96337237894
H05BA01,0.143531285011,9.05943714724,7.18178582345
J01DB01,12.9796814451,9.35195507369,9.6719746725
N05AA01,15.891420453,4.86492171625,-2.03192726235
G03AB03,2.551830576,11.5862776094,-17.5616244911
G03DA02,5.77517783737,2.42970885604,18.4607270323
A10BB09,12.0635858644,21.0547820476,-8.90931754707
A03FA01,6.42868720671,5.91886387383,9.05316008721
J02AC03,-0.403112426695,-2.29306695277,10.6252684946
L01CD01,-12.2593133959,-6.14500169437,-2.03306675368
L04AX01,-2.38329935491,-4.66351827627,-7.43984563791
N02CC01,-18.6646290355,6.98056912192,8.75572188279
B05BB01,-8.09956318024,9.91814786327,-16.426079658
P02CC01,10.3464718015,6.87207065971,10.7942569821
N05AD01,17.2649351216,2.42072650397,0.349083593355
R03AK06,15.117785455,-2.26822827127,17.9967859877
B01AF02,2.62337829755,25.7898607184,1.42627458015
R03DX09,-10.0283915126,1.24614748043,7.39814417293
L01CD04,-11.2517287033,-11.8726717325,2.48651174889
H01AX01,33.1884660447,1.4203328248,10.5620993685
J01FF02,-7.61397180939,11.06577735,-11.4801584487
G04CA03,-9.54021702721,9.78003863365,4.76274774495
S01FA01,16.2609558883,-5.36863496785,-3.70301018797
A10BG03,16.0329267845,15.8200285414,9.6904149788
A06AC01,-12.1043150825,17.0349809058,5.02399309648
N02BG,12.9925157286,-5.25485129847,-0.882717658031
A10BH03,17.5465784174,13.0039847254,13.2822851467
B03AC,7.56439447632,8.09990480682,10.992922108
C09BB04,1.33604421015,-6.01409003329,11.3302850396
A10AC01,0.344763332879,-21.1518857136,9.09472884125
L04AC10,12.2003077265,-24.8390049728,20.3715788514
J01CR02,1.07590571342,-7.8337752213,4.88768831182
G02C,-2.12239220842,9.65017199288,3.07956100315
G03XB01,-10.9302219934,-9.38491407573,-6.15139343232
N02BA51,-4.19222344232,10.6580047216,2.44530447561
N05AH04,17.8181698967,4.87207406505,-3.01406337249
C09BA02,14.8619784986,-7.7417295578,11.2953131415
A02BB01,0.725159397259,6.32828824405,-6.88064359974
H01BA02,-16.7516050989,-2.93283257272,7.92829774554
S01BA07,21.5702467936,-6.65710416189,-1.11033317204
J05AP52,-16.7225717761,10.8188224546,-6.74964660672
B01AC06,-2.83841545193,11.8061763145,-9.39499633441
J05AR19,9.35315099817,7.22728316181,-17.7963107621
L01AA02,2.65503942275,-0.219751179427,6.85995942622
A07EA02,-5.24041210578,-5.75151204557,-8.26673183212
C03AA03,4.4143356741,15.7594448175,-8.09432595049
M01CB01,-0.664347706067,-12.2977230422,0.389046575438
C03CC01,6.3965553106,-0.207278226418,7.44899740135
C01DA14,2.15281744306,13.4795882722,-1.67353366263
A10AB04,-7.75097155559,-12.6009490558,17.1543933227
J01EE01,0.0787378234473,-2.37658117939,-1.31422586595
M05BB02,2.34908741914,19.2336866082,0.818486086329
J01XA01,-9.37666593753,8.39143489327,-12.3797408555
B02AA02,9.29963792111,14.4176038535,-13.2031766607
B01AB01,-4.06965093535,11.1527136256,-16.7062120738
N04BB01,-11.689328623,3.28649285919,-4.54247359199
N05CD02,14.4205545665,7.4382200378,0.344883904406
C09DB01,-0.610109122433,-7.67784815293,13.2567347307
D01AC01,-9.91524610885,19.7892760168,2.47166763932
J01GB03,-7.09987392212,10.8677436133,-15.1716531846
N03AG06,5.82990777047,-0.255679380242,-4.11248599058
C09BB05,3.55348273698,-7.90399771362,12.9034254253
H02AB07,11.5570724067,-3.23870274394,0.979235669137
V03AE01,-5.19948479279,13.9549609877,9.20238843057
L01XX46,2.16494088624,7.02952503844,12.266475389
N05AB02,12.351113388,-15.888660265,10.5742854542
G03GA02,10.796952321,-9.04597915949,-7.43483486265
L01XC07,-7.55491328083,2.60344221224,-20.1286072904
H03AA02,3.264009581,2.37046471778,19.277168435
C08CA13,17.9909208407,-4.5623949999,2.04404061683
L02BB04,-13.1374753982,-12.362465795,3.91516673496
C08CA02,19.0719717283,-3.73951371041,4.33422683504
A10BD20,12.1612697031,13.46796634,14.8185628027
R03AC12,3.72142415371,0.170123048059,-26.4042483714
V06DE,4.20521255406,15.9155565079,-3.26926320296
A10BD10,12.4921754866,15.3775326101,11.8441811672
P02CA01,-6.46440494328,10.9471202503,2.94024086014
J01AA08,-9.5095358521,-2.69072162785,4.80354121955
D05AA,-7.57098446627,-14.4876576883,-9.34504764999
L01DB01,-5.62103300993,-3.95163809189,0.374889017481
C09DA08,2.94094126371,-5.52783658918,16.0588794707
L01DB03,-8.5953335305,-4.50215496806,-0.78956503919
D10AD53,-9.42897162567,1.58971294842,2.09521820734
J05AE14,-8.44653226398,11.1259295687,-7.00856623592
C07AB02,-16.248093952,1.33838449345,0.423261630629
J05AX12,10.7747101778,2.97308950366,-8.73325417162
A10BD21,7.64707162215,11.4143949699,14.9316598726
M05BA01,5.8335497786,5.76933903572,2.08736259007
N05AX13,11.0782400436,-15.8538410327,5.00054980258
P01AX06,-1.21874108892,0.75260499103,6.11339897795
G02CB03,-17.1471212909,-1.64061349744,9.35303492431
A02AD01,17.0053428657,5.93702036965,9.78400497264
A02BD05,4.84475781184,9.07978700763,-5.77623857972
M05BA06,4.87634958165,-8.43250373082,-16.0680580295
H01CB05,5.86878901686,8.83905107109,6.91669023638
L01XC12,-9.28146219909,20.4109745641,19.5499233092
D11AA,-8.00901430583,17.433399222,-0.517012519061
B01AC24,0.960596424654,-16.3215574326,11.8533289722
G02CB04,7.02704594985,9.47205524862,8.47750577725
G03GA09,8.59723172572,-8.32796922457,-8.98017456604
R03BB05,-11.8765120474,-20.8578647559,20.5493570551
N04BC02,-5.41359543231,5.10345893977,-2.32872052136
R05DA04,17.4925340325,-0.0360413187758,9.06475453783
L01BA03,-1.1457253614,5.7428547959,10.74423048
S01EE01,2.16836894973,7.17115226359,-16.9236753974
L02BB,-14.0122370983,-9.71798807233,7.65692861762
G04BD04,3.04632671606,10.2880447439,14.9562709669
D06BB04,-5.13855006289,9.16477533833,3.25498243119
C09CA01,14.7644766622,-7.10562617622,5.11661973342
A10AE04,-0.731827660826,-22.55041611,7.46789216794
S02DC,-6.02028043494,20.2137103505,5.1020732046
M05BX03,3.45569227409,17.6427023201,1.14205156559
B01AD07,6.78482257972,6.90233670712,4.77722155238
A10BH02,16.1711711089,13.1543293527,12.3047217294
D05BB02,-7.22801601956,-16.7579139387,-9.31930507914
R07AX02,-15.9631059372,-7.01691796587,-14.3173401092
C02KX,9.72965498672,-17.0178176594,-6.52799541442
L01BB05,-5.6829232147,-3.47128158258,7.26428391315
L04AX04,-6.74787667978,-12.7628279543,6.34959377114
B01AC16,18.4184973524,-15.5379883177,-2.15585002955
Z,-18.6677981866,4.16828929646,-0.227497799004
M09AX07,8.51418856696,3.35043621434,5.31428787302
A05AA02,-9.61130622369,-2.90018560137,-8.29090402857
A10BD08,10.3841391299,16.3708366269,11.4818590021
L01XC15,21.2921205486,-2.70349466721,10.9493651057
C09CA04,11.0974501428,-6.52213280437,4.22831386963
S01AE01,21.3022437606,-7.3547862175,-5.4366699252
L01AA01,-3.48089403754,-2.26138976733,0.799801383422
S,-13.761555531,13.6939409012,-16.8273575024
G03GA30,9.67457298722,-10.3469324039,-9.01533267639
J05AP01,-11.1865466009,11.4980701173,-5.32828205984
B01AC13,17.5711984044,-16.635398503,-0.67031261851
R06AX13,-11.8939290083,15.827837539,6.71644902029
J05AB01,5.28063565741,3.33369732029,-7.57148627883
N03AF01,10.3088173548,3.79218530663,-4.26011149935
N03AX12,8.23202953419,5.51114091192,-4.71112896107
J01CE09,9.79876925081,-1.36653792622,10.3098229922
C09AA02,15.5810024499,-8.27564855747,7.69553254318
A09AA02,7.21277535722,-0.291473116185,1.09742744462
L04AA23,-5.64640833286,-10.5545278719,-15.6699341592
J05AB11,3.20576517776,3.53642628269,-8.26996046499
R03AK10,17.5741099818,-1.99878200231,14.7203753246
N03AX18,9.45622772631,-2.11135749147,-6.97620341929
J01CE02,8.33710199447,-4.57867816652,-1.42833742191
J05AG05,11.9403110226,4.23175056291,-11.6077932708
C09DX04,3.27313595029,-18.5019563475,1.54169096621
N04BC09,-10.2192504832,2.89027352511,-5.95130339889
A10BJ01,16.6598310234,14.5755913757,14.5588375597
A04AD,7.86114991479,4.59275568218,11.5226277032
C07AB12,3.5317596879,-20.5385762996,-3.06138024393
R03AL06,-13.098552378,0.473331304147,11.9445324742
